FIELD,TP,TN,FP,FN,P,R,F1,A
product,202,0,79,122,0.7188612099644128,0.6234567901234568,0.6677685950413224,0.5012406947890818
quantity,0,0,271,295,0.0,0.0,0.0,0.0
total_amount,15,0,47,70,0.24193548387096775,0.17647058823529413,0.20408163265306123,0.11363636363636363
price,240,0,51,85,0.8247422680412371,0.7384615384615385,0.7792207792207793,0.6382978723404256
supplier_name,44,0,13,37,0.7719298245614035,0.5432098765432098,0.6376811594202898,0.46808510638297873
invoice_number,54,0,8,30,0.8709677419354839,0.6428571428571429,0.7397260273972603,0.5869565217391305
email,39,0,4,9,0.9069767441860465,0.8125,0.8571428571428572,0.75
invoice_date,5,0,64,73,0.07246376811594203,0.0641025641025641,0.06802721088435375,0.035211267605633804
