GROUP,TP,TN,FP,FN,P,R,F1,A
product_group,64,0,59,31,0.5203252032520326,0.6736842105263158,0.5871559633027523,0.4155844155844156
