FIELD,TP,TN,FP,FN,P,R,F1,A
product,73,0,37,57,0.6636363636363637,0.5615384615384615,0.6083333333333333,0.437125748502994
quantity,93,0,26,29,0.7815126050420168,0.7622950819672131,0.7717842323651452,0.6283783783783784
total_amount,29,0,5,19,0.8529411764705882,0.6041666666666666,0.7073170731707317,0.5471698113207547
price,95,0,12,30,0.8878504672897196,0.76,0.8189655172413793,0.6934306569343066
supplier_name,12,0,18,33,0.4,0.26666666666666666,0.32,0.19047619047619047
invoice_number,23,0,8,21,0.7419354838709677,0.5227272727272727,0.6133333333333333,0.4423076923076923
email,15,0,13,16,0.5357142857142857,0.4838709677419355,0.5084745762711865,0.3409090909090909
invoice_date,32,0,10,13,0.7619047619047619,0.7111111111111111,0.735632183908046,0.5818181818181818
