FIELD,TP,TN,FP,FN,P,R,F1,A
product,142,0,0,0,1.0,1.0,1.0,1.0
quantity,142,0,0,0,1.0,1.0,1.0,1.0
total_amount,28,0,1,0,0.9655172413793104,1.0,0.9824561403508771,0.9655172413793104
price,142,0,0,0,1.0,1.0,1.0,1.0
supplier_name,29,0,0,0,1.0,1.0,1.0,1.0
invoice_number,29,0,0,0,1.0,1.0,1.0,1.0
email,29,0,0,0,1.0,1.0,1.0,1.0
invoice_date,29,0,0,0,1.0,1.0,1.0,1.0
