GROUP,TP,TN,FP,FN,P,R,F1,A
product_group,184,0,125,56,0.5954692556634305,0.7666666666666667,0.6703096539162113,0.5041095890410959
