FIELD,TP,TN,FP,FN,P,R,F1,A
product,202,0,79,122,0.7188612099644128,0.6234567901234568,0.6677685950413224,0.5012406947890818
quantity,250,0,21,45,0.922509225092251,0.847457627118644,0.88339222614841,0.7911392405063291
total_amount,58,0,4,27,0.9354838709677419,0.6823529411764706,0.7891156462585035,0.651685393258427
price,255,0,36,70,0.8762886597938144,0.7846153846153846,0.827922077922078,0.7063711911357341
supplier_name,44,0,13,37,0.7719298245614035,0.5432098765432098,0.6376811594202898,0.46808510638297873
invoice_number,54,0,8,30,0.8709677419354839,0.6428571428571429,0.7397260273972603,0.5869565217391305
email,39,0,4,9,0.9069767441860465,0.8125,0.8571428571428572,0.75
invoice_date,60,0,9,18,0.8695652173913043,0.7692307692307693,0.8163265306122449,0.6896551724137931
