FIELD,TP,TN,FP,FN,P,R,F1,A
product,73,0,37,57,0.6636363636363637,0.5615384615384615,0.6083333333333333,0.437125748502994
quantity,93,0,26,29,0.7815126050420168,0.7622950819672131,0.7717842323651452,0.6283783783783784
total_amount,29,0,4,19,0.8787878787878788,0.6041666666666666,0.7160493827160493,0.5576923076923077
price,95,0,12,30,0.8878504672897196,0.76,0.8189655172413793,0.6934306569343066
supplier_name,12,0,17,33,0.41379310344827586,0.26666666666666666,0.32432432432432434,0.1935483870967742
invoice_number,23,0,8,21,0.7419354838709677,0.5227272727272727,0.6133333333333333,0.4423076923076923
email,15,0,13,16,0.5357142857142857,0.4838709677419355,0.5084745762711865,0.3409090909090909
invoice_date,32,0,9,12,0.7804878048780488,0.7272727272727273,0.7529411764705882,0.6037735849056604
